id,username,email,created_at
1,brisktrail19,brisktrail19@example.com,2024-02-13 19:01:17
2,tidydelta22,tidydelta22@opswise.net,2025-09-09 17:53:25
3,keenjourney20,keenjourney20@hackstack.io,2025-01-09 15:59:25
4,urbanisland47,urbanisland47@hackstack.io,2024-01-12 07:02:32
5,silverbeacon94,silverbeacon94@seeded.app,2025-08-06 06:48:00
6,ambermeadow81,ambermeadow81@hackstack.io,2024-09-13 14:12:21
7,silvermeadow90,silvermeadow90@hackstack.io,2024-12-02 10:48:38
8,youngwindow75,youngwindow75@relay.cloud,2024-11-10 21:16:05
9,proudcanyon93,proudcanyon93@opswise.net,2024-07-30 22:35:19
10,embertrail60,embertrail60@seeded.app,2025-03-31 04:40:01
11,jadeharvest21,jadeharvest21@seeded.app,2024-03-01 02:20:18
12,proudcanyon35,proudcanyon35@opswise.net,2025-01-29 17:14:33
13,calmkernel26,calmkernel26@acme.dev,2024-04-01 02:27:25
14,jadesignal17,jadesignal17@hackstack.io,2024-01-12 13:16:04
15,ivoryanchor33,ivoryanchor33@hackstack.io,2024-04-13 08:37:36
16,urbandelta70,urbandelta70@opswise.net,2025-06-01 05:09:18
17,jadeharvest75,jadeharvest75@relay.cloud,2025-04-17 11:08:17
18,opaluplink12,opaluplink12@seeded.app,2025-03-27 12:37:42
19,keenzenith08,keenzenith08@hackstack.io,2026-01-11 00:36:05
20,goldvalley25,goldvalley25@hackstack.io,2024-05-28 08:54:18
21,jadecanyon74,jadecanyon74@example.com,2024-10-15 15:12:36
22,forestharvest28,forestharvest28@seeded.app,2025-05-23 20:49:45
23,navyorbit73,navyorbit73@seeded.app,2024-01-31 05:43:35
24,silvervalley70,silvervalley70@acme.dev,2024-04-27 01:50:05
25,warmyard84,warmyard84@hackstack.io,2025-11-26 21:11:44
26,keendelta27,keendelta27@opswise.net,2024-04-06 05:02:00
27,embernetwork58,embernetwork58@hackstack.io,2024-05-03 07:43:22
28,cleargarden63,cleargarden63@seeded.app,2024-12-09 20:11:27
29,opalengine72,opalengine72@acme.dev,2025-08-14 03:35:40
30,ivoryyard75,ivoryyard75@opswise.net,2025-08-18 14:22:17
31,quietisland87,quietisland87@opswise.net,2025-03-29 13:34:48
32,keenpioneer30,keenpioneer30@hackstack.io,2024-08-09 05:50:35
33,proudwindow10,proudwindow10@hackstack.io,2024-07-23 19:36:28
34,ivoryzenith65,ivoryzenith65@hackstack.io,2025-08-26 12:03:10
35,quietorbit29,quietorbit29@relay.cloud,2025-09-11 18:10:16
36,keenharvest42,keenharvest42@example.com,2024-12-27 23:31:59
37,navypioneer50,navypioneer50@acme.dev,2025-12-03 04:10:12
38,keendelta15,keendelta15@relay.cloud,2024-07-10 07:26:55
39,clearkernel45,clearkernel45@acme.dev,2025-12-21 20:38:55
40,opalfield10,opalfield10@relay.cloud,2025-08-09 00:31:18
41,forestdelta33,forestdelta33@seeded.app,2025-07-21 20:45:00
42,harborpioneer22,harborpioneer22@relay.cloud,2024-05-12 21:56:00
43,rapiddelta28,rapiddelta28@relay.cloud,2024-01-16 04:31:09
44,ambercanyon45,ambercanyon45@example.com,2024-05-02 22:45:12
45,rapiddelta89,rapiddelta89@relay.cloud,2024-11-02 00:26:02
46,ivoryjourney75,ivoryjourney75@acme.dev,2025-03-26 00:31:55
47,rapidtrail64,rapidtrail64@seeded.app,2025-07-18 00:21:28
48,proudanchor24,proudanchor24@acme.dev,2025-07-08 23:09:29
49,dawnvalley02,dawnvalley02@opswise.net,2025-08-06 17:39:34
50,younganchor96,younganchor96@hackstack.io,2024-08-17 10:35:52
51,mellowquartz84,mellowquartz84@hackstack.io,2025-11-12 10:10:13
52,youngwindow44,youngwindow44@seeded.app,2024-05-03 11:33:35
53,proudyard89,proudyard89@hackstack.io,2025-04-03 09:30:17
54,proudquartz16,proudquartz16@seeded.app,2026-01-14 22:57:49
55,harborquartz28,harborquartz28@acme.dev,2024-05-23 20:04:48
56,silvergarden09,silvergarden09@relay.cloud,2026-01-13 04:09:21
57,vividpioneer85,vividpioneer85@acme.dev,2025-11-19 08:24:03
58,silverengine06,silverengine06@opswise.net,2025-06-11 21:00:28
59,vividcanyon54,vividcanyon54@acme.dev,2024-08-06 19:43:02
60,urbanfield51,urbanfield51@relay.cloud,2026-02-01 03:54:15
61,proudharvest19,proudharvest19@acme.dev,2025-05-29 07:14:41
62,silveruplink87,silveruplink87@relay.cloud,2024-10-17 17:23:36
63,goldgarden26,goldgarden26@example.com,2026-01-21 23:10:57
64,cobaltnetwork87,cobaltnetwork87@acme.dev,2024-12-31 16:51:04
65,harbororbit84,harbororbit84@opswise.net,2026-01-01 00:29:27
66,cobaltyard72,cobaltyard72@seeded.app,2024-03-01 15:55:36
67,clearharvest49,clearharvest49@example.com,2024-08-02 19:36:07
68,dawnfield37,dawnfield37@relay.cloud,2024-04-06 02:40:48
69,emberharvest21,emberharvest21@hackstack.io,2024-03-13 23:48:27
70,calmdelta42,calmdelta42@opswise.net,2024-08-20 19:52:44
71,youngquartz14,youngquartz14@relay.cloud,2024-10-11 05:20:50
72,quietfield34,quietfield34@hackstack.io,2025-05-17 22:44:01
73,goldmeadow69,goldmeadow69@hackstack.io,2025-07-13 13:31:49
74,calmfield59,calmfield59@relay.cloud,2024-03-13 01:28:16
75,amberorbit06,amberorbit06@seeded.app,2024-08-24 06:22:52
76,navyquartz39,navyquartz39@example.com,2025-04-27 12:30:00
77,livelyanchor89,livelyanchor89@example.com,2025-08-08 10:33:08
78,opalorbit49,opalorbit49@example.com,2024-05-13 03:22:33
79,proudanchor85,proudanchor85@seeded.app,2025-09-19 01:55:17
80,proudriver70,proudriver70@acme.dev,2025-08-23 22:21:40
81,harborengine48,harborengine48@opswise.net,2025-06-28 14:30:56
82,cobaltmeadow57,cobaltmeadow57@relay.cloud,2026-01-11 12:06:48
83,forestanchor71,forestanchor71@hackstack.io,2025-10-21 02:21:11
84,goldquartz69,goldquartz69@relay.cloud,2025-11-12 13:01:23
85,navyyard04,navyyard04@seeded.app,2024-08-04 06:58:18
86,urbanmeadow29,urbanmeadow29@relay.cloud,2025-01-03 03:05:30
87,dawnanchor73,dawnanchor73@acme.dev,2025-05-01 21:09:20
88,youngbeacon35,youngbeacon35@example.com,2025-06-28 13:56:07
89,jadesignal85,jadesignal85@example.com,2024-07-10 02:59:03
90,tidyharvest63,tidyharvest63@hackstack.io,2025-09-22 16:05:41
91,vividzenith83,vividzenith83@hackstack.io,2024-04-29 11:31:17
92,youngtrail67,youngtrail67@seeded.app,2025-07-11 14:53:13
93,vividbeacon09,vividbeacon09@opswise.net,2024-01-19 14:46:27
94,dawnbeacon50,dawnbeacon50@opswise.net,2025-08-10 02:45:14
95,calmvalley02,calmvalley02@acme.dev,2024-08-14 01:52:40
96,jadeuplink87,jadeuplink87@opswise.net,2025-02-23 19:39:07
97,rapidkernel66,rapidkernel66@opswise.net,2025-05-03 19:17:42
98,livelyfield67,livelyfield67@opswise.net,2024-07-12 16:39:18
99,livelytrail36,livelytrail36@relay.cloud,2025-03-27 10:33:12
100,keenlagoon32,keenlagoon32@hackstack.io,2024-11-10 12:42:09
101,mellowengine01,mellowengine01@relay.cloud,2025-09-30 07:59:35
102,youngjourney89,youngjourney89@seeded.app,2024-07-20 10:49:40
103,calmriver80,calmriver80@relay.cloud,2025-05-30 18:43:04
104,amberzenith79,amberzenith79@hackstack.io,2024-01-02 10:14:17
105,tidygarden30,tidygarden30@relay.cloud,2025-10-18 13:21:12
106,vividyard68,vividyard68@opswise.net,2026-01-25 01:27:20
107,livelyanchor66,livelyanchor66@hackstack.io,2025-07-02 04:03:07
108,tidyorbit93,tidyorbit93@opswise.net,2024-06-18 22:20:54
109,goldmeadow25,goldmeadow25@hackstack.io,2025-09-12 17:43:24
110,briskuplink87,briskuplink87@relay.cloud,2024-07-20 04:18:09
111,tidyquartz87,tidyquartz87@acme.dev,2024-03-18 04:02:05
112,goldharvest01,goldharvest01@relay.cloud,2025-11-26 16:35:33
113,livelyorbit41,livelyorbit41@hackstack.io,2024-07-04 23:33:18
114,jadeisland33,jadeisland33@opswise.net,2024-10-22 01:22:42
115,opallagoon36,opallagoon36@opswise.net,2024-08-17 12:02:10
116,proudanchor33,proudanchor33@example.com,2025-08-17 17:02:48
117,opalzenith96,opalzenith96@opswise.net,2024-04-17 11:59:03
118,calmtrail80,calmtrail80@example.com,2024-03-20 04:09:41
119,rapidquartz61,rapidquartz61@hackstack.io,2024-09-17 09:44:31
120,goldyard94,goldyard94@seeded.app,2025-04-09 05:47:08
121,calmriver83,calmriver83@relay.cloud,2025-05-08 07:11:07
122,proudgarden52,proudgarden52@opswise.net,2025-04-14 21:41:06
123,quietkernel02,quietkernel02@hackstack.io,2024-06-16 23:14:04
124,silverzenith51,silverzenith51@example.com,2024-10-03 05:07:29
125,urbanuplink45,urbanuplink45@example.com,2024-02-08 02:16:56
126,ivoryriver72,ivoryriver72@hackstack.io,2024-08-13 05:23:58
127,youngwindow70,youngwindow70@opswise.net,2025-02-21 01:28:17
128,navyjourney65,navyjourney65@example.com,2024-03-27 10:46:44
129,opalcanyon73,opalcanyon73@acme.dev,2024-09-12 16:10:49
130,proudgarden51,proudgarden51@opswise.net,2024-07-30 09:04:50
131,cobaltorbit29,cobaltorbit29@example.com,2025-10-04 02:13:23
132,cleargarden64,cleargarden64@seeded.app,2025-10-14 19:32:00
133,warmanchor43,warmanchor43@seeded.app,2025-12-13 23:45:23
134,amberorbit86,amberorbit86@opswise.net,2025-03-03 23:27:22
135,vividanchor46,vividanchor46@opswise.net,2025-09-11 19:16:19
136,silveranchor30,silveranchor30@hackstack.io,2026-01-24 04:27:39
137,harboruplink76,harboruplink76@example.com,2024-04-13 11:22:52
138,ivoryharvest15,ivoryharvest15@seeded.app,2024-12-28 03:09:48
139,briskquartz08,briskquartz08@opswise.net,2025-09-15 14:09:51
140,rapidkernel18,rapidkernel18@acme.dev,2025-03-23 23:49:11
141,calmtrail29,calmtrail29@seeded.app,2024-05-06 05:58:39
142,urbanpioneer06,urbanpioneer06@example.com,2025-08-03 23:45:11
143,navykernel29,navykernel29@hackstack.io,2024-09-23 04:39:41
144,rapiduplink22,rapiduplink22@relay.cloud,2025-09-07 06:16:39
145,opalisland21,opalisland21@relay.cloud,2024-04-06 02:34:25
146,quietgarden93,quietgarden93@seeded.app,2025-10-20 13:03:34
147,mellowsignal83,mellowsignal83@relay.cloud,2025-10-05 13:09:59
148,vividcanyon96,vividcanyon96@hackstack.io,2024-06-18 00:35:33
149,proudfield27,proudfield27@seeded.app,2025-10-14 07:59:51
150,warmvalley09,warmvalley09@relay.cloud,2024-10-26 21:55:47
151,opalsignal27,opalsignal27@acme.dev,2025-11-28 00:59:09
152,proudkernel60,proudkernel60@opswise.net,2025-06-22 03:30:43
153,navykernel66,navykernel66@example.com,2025-05-17 03:06:41
154,dawnbeacon91,dawnbeacon91@opswise.net,2025-11-22 01:25:07
155,proudvalley74,proudvalley74@seeded.app,2024-03-11 13:55:56
156,rapidnetwork21,rapidnetwork21@acme.dev,2024-12-17 14:52:39
157,quietpioneer91,quietpioneer91@acme.dev,2024-08-15 20:44:28
158,livelyzenith49,livelyzenith49@opswise.net,2024-07-18 18:52:23
159,silverbeacon13,silverbeacon13@hackstack.io,2025-04-09 03:30:15
160,emberyard31,emberyard31@acme.dev,2025-06-28 04:32:06
161,calmmeadow76,calmmeadow76@relay.cloud,2025-11-21 04:44:16
162,jademeadow69,jademeadow69@seeded.app,2025-07-30 01:24:39
163,livelyfield42,livelyfield42@acme.dev,2025-10-27 10:17:48
164,calmnetwork63,calmnetwork63@example.com,2025-02-02 08:10:01
165,urbancanyon27,urbancanyon27@hackstack.io,2026-01-24 15:42:17
166,harborriver34,harborriver34@opswise.net,2024-05-27 07:43:35
167,cobaltjourney47,cobaltjourney47@example.com,2024-05-15 01:34:08
168,livelyharvest50,livelyharvest50@example.com,2024-09-19 00:46:30
169,tidyzenith35,tidyzenith35@acme.dev,2025-12-28 11:37:45
170,urbanlagoon00,urbanlagoon00@relay.cloud,2025-05-09 07:51:42
171,mellowbeacon82,mellowbeacon82@opswise.net,2024-10-24 02:46:29
172,cobaltengine60,cobaltengine60@relay.cloud,2024-04-19 22:33:07
173,proudharvest04,proudharvest04@seeded.app,2024-11-02 10:50:16
174,emberquartz98,emberquartz98@example.com,2024-09-25 12:38:43
175,proudtrail17,proudtrail17@opswise.net,2024-03-05 06:23:36
176,emberfield04,emberfield04@relay.cloud,2024-08-29 03:39:40
177,jadelagoon81,jadelagoon81@relay.cloud,2025-01-23 19:45:36
178,ivorygarden49,ivorygarden49@acme.dev,2025-04-18 04:55:14
179,opalvalley95,opalvalley95@acme.dev,2024-06-04 07:58:13
180,keentrail28,keentrail28@hackstack.io,2025-05-28 13:24:25
181,vividfield58,vividfield58@relay.cloud,2024-07-02 00:46:48
182,forestisland24,forestisland24@seeded.app,2025-03-12 05:53:16
183,ivoryquartz22,ivoryquartz22@relay.cloud,2025-02-26 14:54:15
184,mellowcanyon77,mellowcanyon77@hackstack.io,2024-12-11 03:34:18
185,forestgarden73,forestgarden73@hackstack.io,2025-07-01 17:28:00
186,embervalley70,embervalley70@example.com,2024-06-08 18:28:26
187,tidyquartz64,tidyquartz64@example.com,2025-11-13 09:02:20
188,youngnetwork40,youngnetwork40@opswise.net,2024-06-25 13:29:41
189,keenuplink75,keenuplink75@seeded.app,2024-06-16 19:35:24
190,clearzenith97,clearzenith97@hackstack.io,2025-04-23 11:24:24
191,opalfield78,opalfield78@seeded.app,2025-05-19 15:18:28
192,dawnanchor51,dawnanchor51@opswise.net,2024-10-25 00:40:13
193,calmnetwork88,calmnetwork88@relay.cloud,2025-03-30 07:33:29
194,quietisland64,quietisland64@example.com,2024-07-30 13:53:44
195,keenisland18,keenisland18@example.com,2025-11-23 15:16:55
196,silverfield58,silverfield58@acme.dev,2025-09-21 07:29:54
197,cobaltharvest09,cobaltharvest09@opswise.net,2025-05-24 12:59:27
198,amberquartz22,amberquartz22@hackstack.io,2025-04-02 06:41:57
199,harboruplink14,harboruplink14@relay.cloud,2024-08-15 14:41:45
200,silverwindow15,silverwindow15@acme.dev,2025-12-25 09:24:36
201,tidynetwork67,tidynetwork67@seeded.app,2025-09-05 00:49:05
202,silverisland52,silverisland52@relay.cloud,2025-04-30 21:41:48
203,keengarden29,keengarden29@hackstack.io,2025-04-17 09:20:11
204,forestharvest08,forestharvest08@seeded.app,2025-06-28 05:37:39
205,opalzenith84,opalzenith84@hackstack.io,2025-11-13 15:48:32
206,ivorybeacon95,ivorybeacon95@seeded.app,2024-04-20 09:58:12
207,warmgarden23,warmgarden23@seeded.app,2025-10-04 12:20:34
208,mellowpioneer74,mellowpioneer74@opswise.net,2025-04-11 23:34:47
209,cobaltkernel68,cobaltkernel68@hackstack.io,2024-09-16 06:04:27
210,mellowvalley17,mellowvalley17@acme.dev,2024-03-15 17:59:31
211,amberjourney91,amberjourney91@example.com,2025-06-04 20:13:41
212,silverpioneer85,silverpioneer85@acme.dev,2024-06-10 16:27:57
213,vividzenith65,vividzenith65@hackstack.io,2025-09-08 03:42:46
214,jadeorbit98,jadeorbit98@seeded.app,2026-01-27 00:15:26
215,harborsignal83,harborsignal83@seeded.app,2025-06-17 19:03:21
216,dawnmeadow73,dawnmeadow73@seeded.app,2024-11-17 19:02:09
217,forestisland01,forestisland01@acme.dev,2024-07-05 02:14:14
218,livelymeadow76,livelymeadow76@acme.dev,2025-08-11 16:06:21
219,warmsignal76,warmsignal76@example.com,2024-10-24 09:34:12
220,proudlagoon07,proudlagoon07@example.com,2025-10-20 08:26:41
221,younggarden83,younggarden83@opswise.net,2024-04-14 01:06:24
222,forestriver56,forestriver56@hackstack.io,2024-08-16 03:06:56
223,navywindow76,navywindow76@example.com,2025-04-21 21:27:07
224,calmgarden86,calmgarden86@seeded.app,2025-09-23 18:20:16
225,jadejourney84,jadejourney84@opswise.net,2025-03-12 17:45:29
226,rapidbeacon92,rapidbeacon92@example.com,2025-11-05 07:06:37
227,goldpioneer06,goldpioneer06@seeded.app,2024-02-01 08:07:48
228,amberlagoon28,amberlagoon28@opswise.net,2025-08-11 17:39:08
229,youngdelta39,youngdelta39@opswise.net,2025-12-31 22:35:08
230,harborbeacon16,harborbeacon16@seeded.app,2024-05-11 16:53:30
231,rapidyard32,rapidyard32@opswise.net,2024-03-11 23:09:28
232,opalriver77,opalriver77@relay.cloud,2024-02-17 13:25:04
233,vividsignal12,vividsignal12@seeded.app,2024-05-04 06:17:13
234,forestharvest84,forestharvest84@hackstack.io,2026-01-09 12:02:19
235,urbanuplink51,urbanuplink51@acme.dev,2025-05-13 09:30:47
236,forestuplink87,forestuplink87@acme.dev,2024-09-12 13:53:43
237,mellowvalley21,mellowvalley21@example.com,2024-06-23 14:46:16
238,forestengine85,forestengine85@relay.cloud,2024-05-31 09:09:36
239,jadeyard65,jadeyard65@example.com,2024-02-15 08:40:15
240,opalbeacon09,opalbeacon09@acme.dev,2025-04-12 22:13:41
241,forestzenith92,forestzenith92@example.com,2025-01-05 22:51:03
242,goldjourney99,goldjourney99@example.com,2025-10-06 07:56:00
243,golduplink77,golduplink77@seeded.app,2024-10-13 13:05:23
244,cobalttrail95,cobalttrail95@acme.dev,2024-09-23 12:29:17
245,silverkernel92,silverkernel92@hackstack.io,2025-07-31 00:52:06
246,cobaltpioneer58,cobaltpioneer58@seeded.app,2024-06-16 23:02:34
247,emberquartz52,emberquartz52@seeded.app,2025-07-08 19:22:38
248,ivoryvalley38,ivoryvalley38@example.com,2025-10-26 02:41:01
249,ivoryjourney84,ivoryjourney84@seeded.app,2025-08-22 13:15:22
250,ivorylagoon58,ivorylagoon58@hackstack.io,2024-08-18 23:08:41
251,jadeuplink44,jadeuplink44@opswise.net,2024-05-25 08:11:07
252,cobaltdelta91,cobaltdelta91@acme.dev,2025-10-21 21:56:55
253,mellowsignal19,mellowsignal19@opswise.net,2025-04-10 19:10:55
254,amberzenith50,amberzenith50@acme.dev,2025-07-27 07:11:48
255,emberriver29,emberriver29@hackstack.io,2024-07-07 20:56:29
256,navybeacon73,navybeacon73@seeded.app,2025-04-11 18:20:33
257,youngisland43,youngisland43@opswise.net,2025-03-29 19:24:11
258,goldbeacon11,goldbeacon11@example.com,2024-02-04 10:11:14
259,navylagoon86,navylagoon86@hackstack.io,2024-09-28 00:52:45
260,vividyard09,vividyard09@acme.dev,2024-03-06 19:39:05
261,brisklagoon57,brisklagoon57@hackstack.io,2024-08-08 11:22:51
262,silveryard08,silveryard08@example.com,2024-02-17 17:47:42
263,rapidisland19,rapidisland19@hackstack.io,2024-10-04 08:32:50
264,emberquartz69,emberquartz69@hackstack.io,2025-09-29 12:51:39
265,opalsignal38,opalsignal38@acme.dev,2025-09-13 00:50:01
266,calmbeacon28,calmbeacon28@seeded.app,2024-07-15 21:58:48
267,youngcanyon87,youngcanyon87@seeded.app,2025-12-16 06:31:20
268,harborpioneer06,harborpioneer06@seeded.app,2025-08-21 18:54:50
269,proudpioneer69,proudpioneer69@example.com,2025-08-05 01:48:35
270,jadelagoon45,jadelagoon45@relay.cloud,2024-04-14 00:50:25
271,vividwindow65,vividwindow65@seeded.app,2024-08-27 21:29:40
272,clearvalley70,clearvalley70@acme.dev,2025-04-25 01:04:07
273,harbororbit48,harbororbit48@hackstack.io,2025-08-06 17:05:02
274,harborvalley98,harborvalley98@opswise.net,2024-08-03 15:59:31
275,mellowlagoon35,mellowlagoon35@example.com,2024-03-23 05:14:39
276,amberjourney97,amberjourney97@example.com,2025-09-15 06:58:07
277,cobaltkernel23,cobaltkernel23@example.com,2024-11-30 23:50:12
278,golduplink00,golduplink00@hackstack.io,2025-02-27 09:36:11
279,cobaltfield00,cobaltfield00@example.com,2025-05-03 05:06:31
280,rapidjourney65,rapidjourney65@example.com,2025-05-22 18:55:36
281,rapidcanyon08,rapidcanyon08@hackstack.io,2024-02-14 02:33:56
282,briskwindow44,briskwindow44@acme.dev,2024-01-24 17:00:45
283,forestjourney70,forestjourney70@seeded.app,2024-07-09 23:51:43
284,quietanchor59,quietanchor59@hackstack.io,2024-08-20 19:45:32
285,mellowdelta98,mellowdelta98@seeded.app,2025-01-14 08:35:47
286,vividcanyon08,vividcanyon08@seeded.app,2024-03-06 16:42:33
287,harbororbit16,harbororbit16@relay.cloud,2025-03-05 10:15:49
288,navyfield90,navyfield90@relay.cloud,2025-08-16 04:54:12
289,proudorbit13,proudorbit13@opswise.net,2024-06-17 10:37:27
290,brisklagoon26,brisklagoon26@relay.cloud,2024-02-14 23:38:46
291,livelyisland10,livelyisland10@hackstack.io,2025-07-07 09:23:57
292,foresttrail31,foresttrail31@hackstack.io,2025-05-03 13:01:47
293,younganchor43,younganchor43@acme.dev,2025-02-17 23:30:06
294,proudanchor66,proudanchor66@seeded.app,2024-09-27 02:45:40
295,harborwindow68,harborwindow68@seeded.app,2025-04-13 19:00:25
296,silverbeacon06,silverbeacon06@hackstack.io,2025-04-23 19:58:53
297,livelyquartz53,livelyquartz53@seeded.app,2024-01-12 06:34:56
298,silverriver15,silverriver15@opswise.net,2025-05-29 20:36:31
299,warmharvest37,warmharvest37@acme.dev,2025-09-15 04:42:47
300,keenanchor86,keenanchor86@seeded.app,2024-05-29 21:13:11
301,clearriver32,clearriver32@opswise.net,2025-12-14 14:02:37
302,amberfield34,amberfield34@relay.cloud,2025-09-28 08:53:58
303,silverpioneer31,silverpioneer31@acme.dev,2024-08-02 13:18:21
304,harbormeadow56,harbormeadow56@hackstack.io,2025-01-03 14:29:54
305,dawnwindow45,dawnwindow45@acme.dev,2024-03-18 19:13:03
306,calmtrail79,calmtrail79@relay.cloud,2025-10-16 13:31:17
307,forestdelta87,forestdelta87@relay.cloud,2024-10-19 09:45:48
308,proudpioneer07,proudpioneer07@hackstack.io,2025-03-04 21:04:27
309,cobalttrail20,cobalttrail20@hackstack.io,2024-10-27 06:11:08
310,dawnquartz29,dawnquartz29@hackstack.io,2025-12-14 17:55:51
311,harborzenith54,harborzenith54@acme.dev,2024-06-29 21:27:39
312,jadejourney60,jadejourney60@seeded.app,2026-01-01 10:40:33
313,harborquartz01,harborquartz01@example.com,2025-10-06 23:25:35
314,cobaltmeadow55,cobaltmeadow55@opswise.net,2024-09-23 08:09:14
315,quietvalley33,quietvalley33@example.com,2024-06-11 03:56:34
316,tidyriver02,tidyriver02@relay.cloud,2024-12-16 00:23:11
317,briskjourney90,briskjourney90@example.com,2024-10-16 14:07:42
318,ambervalley33,ambervalley33@opswise.net,2024-08-17 17:09:34
319,goldzenith21,goldzenith21@example.com,2024-11-18 15:42:14
320,navyengine17,navyengine17@hackstack.io,2024-02-16 10:15:11
321,jadeanchor48,jadeanchor48@relay.cloud,2025-10-05 02:12:25
322,emberyard28,emberyard28@relay.cloud,2024-12-19 13:33:08
323,warmharvest83,warmharvest83@acme.dev,2025-12-25 09:42:30
324,briskpioneer50,briskpioneer50@example.com,2024-11-17 16:57:42
325,jadedelta43,jadedelta43@acme.dev,2024-11-20 18:16:31
326,emberfield72,emberfield72@relay.cloud,2025-06-12 23:11:57
327,embertrail98,embertrail98@seeded.app,2025-09-05 12:00:37
328,youngfield75,youngfield75@opswise.net,2024-12-13 22:55:21
329,livelymeadow80,livelymeadow80@acme.dev,2025-12-09 18:01:31
330,navypioneer31,navypioneer31@seeded.app,2025-08-15 14:58:16
331,dawncanyon04,dawncanyon04@seeded.app,2024-06-02 14:04:07
332,opallagoon43,opallagoon43@acme.dev,2024-08-23 02:07:01
333,amberisland97,amberisland97@relay.cloud,2024-08-30 05:23:56
334,goldyard81,goldyard81@seeded.app,2024-12-06 20:04:18
335,jadezenith30,jadezenith30@hackstack.io,2024-03-22 06:38:42
336,keenengine10,keenengine10@opswise.net,2025-01-21 09:50:49
337,foresttrail84,foresttrail84@hackstack.io,2024-10-24 17:23:01
338,forestzenith40,forestzenith40@relay.cloud,2024-06-07 00:13:32
339,proudanchor73,proudanchor73@seeded.app,2025-10-03 09:00:57
340,livelykernel76,livelykernel76@hackstack.io,2024-09-07 08:56:29
341,keenjourney89,keenjourney89@example.com,2024-05-03 15:16:40
342,emberwindow98,emberwindow98@acme.dev,2024-06-11 03:22:51
343,warmcanyon58,warmcanyon58@relay.cloud,2024-04-12 17:34:47
344,silvercanyon67,silvercanyon67@example.com,2025-03-20 22:40:59
345,emberharvest34,emberharvest34@acme.dev,2024-06-25 07:00:13
346,clearpioneer88,clearpioneer88@acme.dev,2024-07-12 09:32:04
347,tidytrail39,tidytrail39@acme.dev,2024-01-14 08:35:49
348,keenzenith67,keenzenith67@hackstack.io,2025-05-24 10:28:21
349,tidygarden38,tidygarden38@opswise.net,2025-04-24 09:43:18
350,forestriver62,forestriver62@seeded.app,2025-07-30 18:26:45
351,silverwindow09,silverwindow09@seeded.app,2025-03-13 04:15:57
352,clearriver66,clearriver66@hackstack.io,2024-05-07 05:45:16
353,navyorbit27,navyorbit27@opswise.net,2025-12-12 22:13:17
354,warmengine12,warmengine12@relay.cloud,2024-01-07 22:40:15
355,mellowmeadow14,mellowmeadow14@seeded.app,2024-01-29 03:43:20
356,goldwindow45,goldwindow45@hackstack.io,2025-02-19 00:54:43
357,opalvalley30,opalvalley30@acme.dev,2024-07-02 21:36:40
358,goldnetwork96,goldnetwork96@opswise.net,2024-10-21 00:53:53
359,opalwindow83,opalwindow83@acme.dev,2024-04-04 04:43:35
360,amberdelta59,amberdelta59@acme.dev,2024-06-16 21:56:04
361,calmengine46,calmengine46@relay.cloud,2024-08-22 19:53:32
362,mellowjourney08,mellowjourney08@opswise.net,2025-01-31 14:53:32
363,dawnzenith25,dawnzenith25@hackstack.io,2024-03-28 16:29:22
364,navyorbit15,navyorbit15@hackstack.io,2024-03-17 03:57:55
365,urbannetwork23,urbannetwork23@hackstack.io,2024-12-09 14:34:23
366,navykernel81,navykernel81@acme.dev,2024-05-05 12:52:48
367,prouddelta08,prouddelta08@seeded.app,2025-12-01 22:52:12
368,harbororbit71,harbororbit71@opswise.net,2025-03-26 06:22:46
369,forestanchor33,forestanchor33@example.com,2024-06-06 08:23:30
370,tidymeadow91,tidymeadow91@seeded.app,2024-07-07 00:13:22
371,quietyard97,quietyard97@hackstack.io,2024-01-20 17:51:56
372,navyquartz16,navyquartz16@opswise.net,2025-05-06 11:01:26
373,dawnpioneer04,dawnpioneer04@acme.dev,2024-11-03 01:59:54
374,cobaltjourney76,cobaltjourney76@relay.cloud,2024-07-07 13:39:20
375,harboryard88,harboryard88@example.com,2024-06-30 10:24:42
376,tidylagoon62,tidylagoon62@example.com,2024-07-30 05:08:44
377,silverorbit54,silverorbit54@acme.dev,2025-11-03 14:29:09
378,silverkernel44,silverkernel44@hackstack.io,2025-03-10 23:21:27
379,clearmeadow23,clearmeadow23@relay.cloud,2024-01-02 15:17:20
380,cobaltdelta41,cobaltdelta41@seeded.app,2024-09-06 21:12:02
381,youngkernel49,youngkernel49@seeded.app,2025-02-09 21:19:25
382,tidyanchor19,tidyanchor19@relay.cloud,2024-04-15 07:25:10
383,calmquartz59,calmquartz59@hackstack.io,2024-01-08 14:55:47
384,youngdelta66,youngdelta66@relay.cloud,2024-02-26 12:34:51
385,silvergarden16,silvergarden16@example.com,2026-01-23 17:56:53
386,youngbeacon20,youngbeacon20@acme.dev,2024-10-19 04:51:29
387,dawnvalley88,dawnvalley88@example.com,2024-12-06 17:23:27
388,navyyard79,navyyard79@relay.cloud,2024-09-20 12:45:09
389,warmmeadow31,warmmeadow31@acme.dev,2025-12-07 14:07:59
390,jadecanyon07,jadecanyon07@opswise.net,2025-04-14 20:56:10
391,amberdelta14,amberdelta14@hackstack.io,2025-06-04 08:50:16
392,emberwindow39,emberwindow39@hackstack.io,2024-10-02 00:06:01
393,mellowgarden17,mellowgarden17@opswise.net,2025-12-14 08:32:47
394,embervalley14,embervalley14@hackstack.io,2025-06-02 11:40:17
395,livelyriver13,livelyriver13@seeded.app,2025-09-01 02:16:34
396,mellowengine31,mellowengine31@seeded.app,2025-07-23 22:23:49
397,navycanyon31,navycanyon31@example.com,2024-01-15 11:07:49
398,keenengine97,keenengine97@opswise.net,2024-04-02 07:50:28
399,dawnriver93,dawnriver93@seeded.app,2025-09-11 20:31:48
400,opalquartz28,opalquartz28@acme.dev,2024-03-16 00:03:11
